URL,Saved File,Depth
https://www.fhs.hr,crawled_output_en/fhs.hr.md,0
https://www.fhs.hr/en,crawled_output_en/fhs.hr_en.md,1
https://www.fhs.hr/en/Departments,crawled_output_en/fhs.hr_en_Departments.md,2
https://www.fhs.hr/en/deanery/teaching_and_student_service,crawled_output_en/fhs.hr_en_deanery_teaching_and_student_service.md,2
https://www.fhs.hr/en/dean,crawled_output_en/fhs.hr_en_dean.md,2
https://www.fhs.hr/en/deanery/publishing_service,crawled_output_en/fhs.hr_en_deanery_publishing_service.md,2
https://www.fhs.hr/en/cooperation/free_mover_mobility,crawled_output_en/fhs.hr_en_cooperation_free_mover_mobility.md,2
https://www.fhs.hr/en/deanery,crawled_output_en/fhs.hr_en_deanery.md,2
https://www.fhs.hr/en/deanery/maintenance_service,crawled_output_en/fhs.hr_en_deanery_maintenance_service.md,2
https://www.fhs.hr/en/deanery/procurement_department,crawled_output_en/fhs.hr_en_deanery_procurement_department.md,2
https://www.fhs.hr/en/about_us/academic_integrity/ethics_committee,crawled_output_en/fhs.hr_en_about_us_academic_integrity_ethics_committee.md,2
https://www.fhs.hr/en/cooperation/erasmus_experiences,crawled_output_en/fhs.hr_en_cooperation_erasmus_experiences.md,2
https://www.fhs.hr/en/contact,crawled_output_en/fhs.hr_en_contact.md,2
https://www.fhs.hr/en/deanery/research_and_projects_service,crawled_output_en/fhs.hr_en_deanery_research_and_projects_service.md,2
https://www.fhs.hr/en/about_us/academic_integrity,crawled_output_en/fhs.hr_en_about_us_academic_integrity.md,2
https://www.fhs.hr/en/deanery/it_service,crawled_output_en/fhs.hr_en_deanery_it_service.md,2
https://www.fhs.hr/en/courses-in-foreign-languages,crawled_output_en/fhs.hr_en_courses-in-foreign-languages.md,2
https://www.fhs.hr/en/deanery/deans_office,crawled_output_en/fhs.hr_en_deanery_deans_office.md,2
https://www.fhs.hr/en/academic-calendar,crawled_output_en/fhs.hr_en_academic-calendar.md,2
https://www.fhs.hr/en/about_us,crawled_output_en/fhs.hr_en_about_us.md,2
https://www.fhs.hr/en/deanery/legal_and_human_resources_service,crawled_output_en/fhs.hr_en_deanery_legal_and_human_resources_service.md,2
https://www.fhs.hr/en/deanery/accounting_and_finance_service,crawled_output_en/fhs.hr_en_deanery_accounting_and_finance_service.md,2
https://www.fhs.hr/en/enrolment,crawled_output_en/fhs.hr_en_enrolment.md,2
https://www.fhs.hr/en/cooperation,crawled_output_en/fhs.hr_en_cooperation.md,2
https://www.fhs.hr/en/e-learning,crawled_output_en/fhs.hr_en_e-learning.md,2
https://www.fhs.hr/en/enrolment-graduate-study,crawled_output_en/fhs.hr_en_enrolment-graduate-study.md,2
https://www.fhs.hr/en/enrolment-undergraduate-study,crawled_output_en/fhs.hr_en_enrolment-undergraduate-study.md,2
https://www.fhs.hr/en/guide_for_international_students/enrolment_procedure,crawled_output_en/fhs.hr_en_guide_for_international_students_enrolment_procedure.md,2
https://www.fhs.hr/en/graduade_study/communicology,crawled_output_en/fhs.hr_en_graduade_study_communicology.md,2
https://www.fhs.hr/en/enrolment/enrolment_of_croats_outside_the_republic_of_croatia,crawled_output_en/fhs.hr_en_enrolment_enrolment_of_croats_outside_the_republic_of_croatia.md,2
https://www.fhs.hr/en/graduade_study/sociology/teaching_stream,crawled_output_en/fhs.hr_en_graduade_study_sociology_teaching_stream.md,2
https://www.fhs.hr/en/graduate_study,crawled_output_en/fhs.hr_en_graduate_study.md,2
https://www.fhs.hr/en/graduade_study/sociology/science_stream,crawled_output_en/fhs.hr_en_graduade_study_sociology_science_stream.md,2
https://www.fhs.hr/en/graduade_study/croatian_latinity,crawled_output_en/fhs.hr_en_graduade_study_croatian_latinity.md,2
https://www.fhs.hr/en/graduade_study/history/double_major,crawled_output_en/fhs.hr_en_graduade_study_history_double_major.md,2
https://www.fhs.hr/en/guide_for_international_students,crawled_output_en/fhs.hr_en_guide_for_international_students.md,2
https://www.fhs.hr/en/enrolment/korean_language_and_culture/events,crawled_output_en/fhs.hr_en_enrolment_korean_language_and_culture_events.md,2
https://www.fhs.hr/en/enrolment/postgraduate_study,crawled_output_en/fhs.hr_en_enrolment_postgraduate_study.md,2
https://www.fhs.hr/en/erasmuserasmus,crawled_output_en/fhs.hr_en_erasmuserasmus.md,2
https://www.fhs.hr/en/graduade_study/philosophy/double_major,crawled_output_en/fhs.hr_en_graduade_study_philosophy_double_major.md,2
https://www.fhs.hr/en/graduade_study/psychology,crawled_output_en/fhs.hr_en_graduade_study_psychology.md,2
https://www.fhs.hr/en/graduade_study/croatology/double_major,crawled_output_en/fhs.hr_en_graduade_study_croatology_double_major.md,2
https://www.fhs.hr/en/graduade_study/history/science_stream,crawled_output_en/fhs.hr_en_graduade_study_history_science_stream.md,2
https://www.fhs.hr/en/graduade_study/croatology/teaching_stream,crawled_output_en/fhs.hr_en_graduade_study_croatology_teaching_stream.md,2
https://www.fhs.hr/en/enrolment/korean_language_and_culture,crawled_output_en/fhs.hr_en_enrolment_korean_language_and_culture.md,2
https://www.fhs.hr/en/international_cooperation,crawled_output_en/fhs.hr_en_international_cooperation.md,2
https://www.fhs.hr/en/integrated_study_program,crawled_output_en/fhs.hr_en_integrated_study_program.md,2
https://www.fhs.hr/en/postgraduate_study/philosophy,crawled_output_en/fhs.hr_en_postgraduate_study_philosophy.md,2
https://www.fhs.hr/en/office_for_research_and_projects,crawled_output_en/fhs.hr_en_office_for_research_and_projects.md,2
https://www.fhs.hr/en/postgraduate_study/vice_dean_research,crawled_output_en/fhs.hr_en_postgraduate_study_vice_dean_research.md,2
https://www.fhs.hr/en/office-for-international-relations,crawled_output_en/fhs.hr_en_office-for-international-relations.md,2
https://www.fhs.hr/en/management/quality/office_for_quality_assurance,crawled_output_en/fhs.hr_en_management_quality_office_for_quality_assurance.md,2
https://www.fhs.hr/en/postgraduate_study,crawled_output_en/fhs.hr_en_postgraduate_study.md,2
https://www.fhs.hr/en/postgraduate_study/council_for_postgraduate_studies,crawled_output_en/fhs.hr_en_postgraduate_study_council_for_postgraduate_studies.md,2
https://www.fhs.hr/en/postgraduate_study/office_for_postgraduate_studies,crawled_output_en/fhs.hr_en_postgraduate_study_office_for_postgraduate_studies.md,2
https://www.fhs.hr/en/research_institute,crawled_output_en/fhs.hr_en_research_institute.md,2
https://www.fhs.hr/en/postgraduate_study/history,crawled_output_en/fhs.hr_en_postgraduate_study_history.md,2
https://www.fhs.hr/en/research,crawled_output_en/fhs.hr_en_research.md,2
https://www.fhs.hr/en/postgraduate_study/croatology,crawled_output_en/fhs.hr_en_postgraduate_study_croatology.md,2
https://www.fhs.hr/en/research_institute/contacts,crawled_output_en/fhs.hr_en_research_institute_contacts.md,2
https://www.fhs.hr/en/projects,crawled_output_en/fhs.hr_en_projects.md,2
https://www.fhs.hr/en/study,crawled_output_en/fhs.hr_en_study.md,2
https://www.fhs.hr/en/search,crawled_output_en/fhs.hr_en_search.md,2
https://www.fhs.hr/en/study/lifelong_learning_programs,crawled_output_en/fhs.hr_en_study_lifelong_learning_programs.md,2
https://www.fhs.hr/en/study/lifelong_learning_programs/center_for_croatian_language,crawled_output_en/fhs.hr_en_study_lifelong_learning_programs_center_for_croatian_language.md,2
https://www.fhs.hr/en/study/lifelong_learning_programs/center_for_korean_culture_and_language_learning,crawled_output_en/fhs.hr_en_study_lifelong_learning_programs_center_for_korean_culture_and_language_learning.md,2
https://www.fhs.hr/en/study/lifelong_learning_programs/greek_language_course,crawled_output_en/fhs.hr_en_study_lifelong_learning_programs_greek_language_course.md,2
https://www.fhs.hr/en/undergraduate_study/double_major/latin_language,crawled_output_en/fhs.hr_en_undergraduate_study_double_major_latin_language.md,2
https://www.fhs.hr/en/study/lifelong_learning_programs/ppdmt_-_pedagogical-psychological-didactic-methodological_teacher_education,crawled_output_en/fhs.hr_en_study_lifelong_learning_programs_ppdmt_-_pedagogical-psychological-didactic-methodological_teacher_education.md,2
https://www.fhs.hr/en/undergraduate_study/double_major/philosophy,crawled_output_en/fhs.hr_en_undergraduate_study_double_major_philosophy.md,2
https://www.fhs.hr/en/useful_information,crawled_output_en/fhs.hr_en_useful_information.md,2
https://www.fhs.hr/en/undergraduate_study/double_major/sociology,crawled_output_en/fhs.hr_en_undergraduate_study_double_major_sociology.md,2
https://www.fhs.hr/en/undergraduate_study/double_major/history,crawled_output_en/fhs.hr_en_undergraduate_study_double_major_history.md,2
https://www.fhs.hr/en/undergraduate_study/double_major/com,crawled_output_en/fhs.hr_en_undergraduate_study_double_major_com.md,2
https://www.fhs.hr/en/undergraduate_study,crawled_output_en/fhs.hr_en_undergraduate_study.md,2
https://www.fhs.hr/en/study/lifelong_learning_programs/program_for_methodological_training_and_professional_development_of_university_teachers_and_associat,crawled_output_en/fhs.hr_en_study_lifelong_learning_programs_program_for_methodological_training_and_professional_development_of_university_teachers_and_associat.md,2
https://www.fhs.hr/en/vice_deans,crawled_output_en/fhs.hr_en_vice_deans.md,2
https://www.fhs.hr/en/undergraduate_study/double_major/croatian_studies,crawled_output_en/fhs.hr_en_undergraduate_study_double_major_croatian_studies.md,2
https://www.fhs.hr/en/undergraduate_study/psychology,crawled_output_en/fhs.hr_en_undergraduate_study_psychology.md,2
https://www.fhs.hr/en/undergraduate_study/sociology,crawled_output_en/fhs.hr_en_undergraduate_study_sociology.md,2
https://www.fhs.hr/en/undergraduate_study/croatology,crawled_output_en/fhs.hr_en_undergraduate_study_croatology.md,2
https://www.fhs.hr/en/undergraduate_study/history,crawled_output_en/fhs.hr_en_undergraduate_study_history.md,2
https://www.fhs.hr/en/undergraduate_study/communication_sciences,crawled_output_en/fhs.hr_en_undergraduate_study_communication_sciences.md,2
https://www.fhs.hr/en/course/1a2cch,crawled_output_en/fhs.hr_en_course_1a2cch.md,3
https://www.fhs.hr/en/course/apatatp,crawled_output_en/fhs.hr_en_course_apatatp.md,3
https://www.fhs.hr/en/course/ancphi_a,crawled_output_en/fhs.hr_en_course_ancphi_a.md,3
https://www.fhs.hr/en/course/aes_b,crawled_output_en/fhs.hr_en_course_aes_b.md,3
https://www.fhs.hr/en/course/als,crawled_output_en/fhs.hr_en_course_als.md,3
https://www.fhs.hr/en/course/aianlu,crawled_output_en/fhs.hr_en_course_aianlu.md,3
https://www.fhs.hr/en/course/anomod_a,crawled_output_en/fhs.hr_en_course_anomod_a.md,3
https://www.fhs.hr/en/course/acotecota,crawled_output_en/fhs.hr_en_course_acotecota.md,3
https://www.fhs.hr/en/course/acaita,crawled_output_en/fhs.hr_en_course_acaita.md,3
https://www.fhs.hr/en/course/aosrm,crawled_output_en/fhs.hr_en_course_aosrm.md,3
https://www.fhs.hr/en/course/acager,crawled_output_en/fhs.hr_en_course_acager.md,3
https://www.fhs.hr/en/course/acalit_b,crawled_output_en/fhs.hr_en_course_acalit_b.md,3
https://www.fhs.hr/en/course/acalit_a,crawled_output_en/fhs.hr_en_course_acalit_a.md,3
https://www.fhs.hr/en/course/afh_b,crawled_output_en/fhs.hr_en_course_afh_b.md,3
https://www.fhs.hr/en/course/2cccaph,crawled_output_en/fhs.hr_en_course_2cccaph.md,3
https://www.fhs.hr/en/course/acafre,crawled_output_en/fhs.hr_en_course_acafre.md,3
https://www.fhs.hr/en/course/1cp,crawled_output_en/fhs.hr_en_course_1cp.md,3
https://www.fhs.hr/en/course/2ch,crawled_output_en/fhs.hr_en_course_2ch.md,3
https://www.fhs.hr/en/course/aatil_a,crawled_output_en/fhs.hr_en_course_aatil_a.md,3
https://www.fhs.hr/en/course/1ch,crawled_output_en/fhs.hr_en_course_1ch.md,3
https://www.fhs.hr/en/course/acaeng,crawled_output_en/fhs.hr_en_course_acaeng.md,3
https://www.fhs.hr/en/course/araphi,crawled_output_en/fhs.hr_en_course_araphi.md,3
https://www.fhs.hr/en/course/camcomc_a,crawled_output_en/fhs.hr_en_course_camcomc_a.md,3
https://www.fhs.hr/en/course/cah,crawled_output_en/fhs.hr_en_course_cah.md,3
https://www.fhs.hr/en/course/bitlc,crawled_output_en/fhs.hr_en_course_bitlc.md,3
https://www.fhs.hr/en/course/bclc_c,crawled_output_en/fhs.hr_en_course_bclc_c.md,3
https://www.fhs.hr/en/course/bio_a,crawled_output_en/fhs.hr_en_course_bio_a.md,3
https://www.fhs.hr/en/course/caldiekusdie,crawled_output_en/fhs.hr_en_course_caldiekusdie.md,3
https://www.fhs.hr/en/course/bkae_a,crawled_output_en/fhs.hr_en_course_bkae_a.md,3
https://www.fhs.hr/en/course/cag,crawled_output_en/fhs.hr_en_course_cag.md,3
https://www.fhs.hr/en/course/bosb,crawled_output_en/fhs.hr_en_course_bosb.md,3
https://www.fhs.hr/en/course/cbcilaatema,crawled_output_en/fhs.hr_en_course_cbcilaatema.md,3
https://www.fhs.hr/en/course/behneu_a,crawled_output_en/fhs.hr_en_course_behneu_a.md,3
https://www.fhs.hr/en/course/ccaphot1a1c,crawled_output_en/fhs.hr_en_course_ccaphot1a1c.md,3
https://www.fhs.hr/en/course/asisr,crawled_output_en/fhs.hr_en_course_asisr.md,3
https://www.fhs.hr/en/course/catome,crawled_output_en/fhs.hr_en_course_catome.md,3
https://www.fhs.hr/en/course/bawor,crawled_output_en/fhs.hr_en_course_bawor.md,3
https://www.fhs.hr/en/course/camp,crawled_output_en/fhs.hr_en_course_camp.md,3
https://www.fhs.hr/en/course/ca,crawled_output_en/fhs.hr_en_course_ca.md,3
https://www.fhs.hr/en/course/bobp_a,crawled_output_en/fhs.hr_en_course_bobp_a.md,3
https://www.fhs.hr/en/course/buscom,crawled_output_en/fhs.hr_en_course_buscom.md,3
https://www.fhs.hr/en/course/bclc_d,crawled_output_en/fhs.hr_en_course_bclc_d.md,3
https://www.fhs.hr/en/course/cdapa_a,crawled_output_en/fhs.hr_en_course_cdapa_a.md,3
https://www.fhs.hr/en/course/cct,crawled_output_en/fhs.hr_en_course_cct.md,3
https://www.fhs.hr/en/course/cdaed_a,crawled_output_en/fhs.hr_en_course_cdaed_a.md,3
https://www.fhs.hr/en/course/ccm,crawled_output_en/fhs.hr_en_course_ccm.md,3
https://www.fhs.hr/en/course/ccavm_b,crawled_output_en/fhs.hr_en_course_ccavm_b.md,3
https://www.fhs.hr/en/course/ccaphot1a1c_a,crawled_output_en/fhs.hr_en_course_ccaphot1a1c_a.md,3
https://www.fhs.hr/en/course/cch,crawled_output_en/fhs.hr_en_course_cch.md,3
https://www.fhs.hr/en/course/ccl,crawled_output_en/fhs.hr_en_course_ccl.md,3
https://www.fhs.hr/en/course/ccaphotma,crawled_output_en/fhs.hr_en_course_ccaphotma.md,3
https://www.fhs.hr/en/course/cfl,crawled_output_en/fhs.hr_en_course_cfl.md,3
https://www.fhs.hr/en/course/ch7c,crawled_output_en/fhs.hr_en_course_ch7c.md,3
https://www.fhs.hr/en/course/cem,crawled_output_en/fhs.hr_en_course_cem.md,3
https://www.fhs.hr/en/course/ceathw,crawled_output_en/fhs.hr_en_course_ceathw.md,3
https://www.fhs.hr/en/course/ceaac_a,crawled_output_en/fhs.hr_en_course_ceaac_a.md,3
https://www.fhs.hr/en/course/chit1c,crawled_output_en/fhs.hr_en_course_chit1c.md,3
https://www.fhs.hr/en/course/ch1c,crawled_output_en/fhs.hr_en_course_ch1c.md,3
https://www.fhs.hr/en/course/chiped,crawled_output_en/fhs.hr_en_course_chiped.md,3
https://www.fhs.hr/en/course/ceare,crawled_output_en/fhs.hr_en_course_ceare.md,3
https://www.fhs.hr/en/course/chasocoa,crawled_output_en/fhs.hr_en_course_chasocoa.md,3
https://www.fhs.hr/en/course/cgae,crawled_output_en/fhs.hr_en_course_cgae.md,3
https://www.fhs.hr/en/course/chst1_b,crawled_output_en/fhs.hr_en_course_chst1_b.md,3
https://www.fhs.hr/en/course/ciitec_a,crawled_output_en/fhs.hr_en_course_ciitec_a.md,3
https://www.fhs.hr/en/course/cig,crawled_output_en/fhs.hr_en_course_cig.md,3
https://www.fhs.hr/en/course/chaltmaema,crawled_output_en/fhs.hr_en_course_chaltmaema.md,3
https://www.fhs.hr/en/course/ciocd,crawled_output_en/fhs.hr_en_course_ciocd.md,3
https://www.fhs.hr/en/course/clbataoe,crawled_output_en/fhs.hr_en_course_clbataoe.md,3
https://www.fhs.hr/en/course/cibah,crawled_output_en/fhs.hr_en_course_cibah.md,3
https://www.fhs.hr/en/course/cisa,crawled_output_en/fhs.hr_en_course_cisa.md,3
https://www.fhs.hr/en/course/cim,crawled_output_en/fhs.hr_en_course_cim.md,3
https://www.fhs.hr/en/course/citshot2c,crawled_output_en/fhs.hr_en_course_citshot2c.md,3
https://www.fhs.hr/en/course/clit1c_b,crawled_output_en/fhs.hr_en_course_clit1c_b.md,3
https://www.fhs.hr/en/course/clg,crawled_output_en/fhs.hr_en_course_clg.md,3
https://www.fhs.hr/en/course/clh,crawled_output_en/fhs.hr_en_course_clh.md,3
https://www.fhs.hr/en/course/clc_a,crawled_output_en/fhs.hr_en_course_clc_a.md,3
https://www.fhs.hr/en/course/clipsy_a,crawled_output_en/fhs.hr_en_course_clipsy_a.md,3
https://www.fhs.hr/en/course/clorar,crawled_output_en/fhs.hr_en_course_clorar.md,3
https://www.fhs.hr/en/course/clh_a,crawled_output_en/fhs.hr_en_course_clh_a.md,3
https://www.fhs.hr/en/course/clp_a,crawled_output_en/fhs.hr_en_course_clp_a.md,3
https://www.fhs.hr/en/course/clitlr,crawled_output_en/fhs.hr_en_course_clitlr.md,3
https://www.fhs.hr/en/course/clotma,crawled_output_en/fhs.hr_en_course_clotma.md,3
https://www.fhs.hr/en/course/clohar,crawled_output_en/fhs.hr_en_course_clohar.md,3
https://www.fhs.hr/en/course/clotma_a,crawled_output_en/fhs.hr_en_course_clotma_a.md,3
https://www.fhs.hr/en/course/clp,crawled_output_en/fhs.hr_en_course_clp.md,3
https://www.fhs.hr/en/course/cmcid,crawled_output_en/fhs.hr_en_course_cmcid.md,3
https://www.fhs.hr/en/course/cogpsy,crawled_output_en/fhs.hr_en_course_cogpsy.md,3
https://www.fhs.hr/en/course/cmaiteoc,crawled_output_en/fhs.hr_en_course_cmaiteoc.md,3
https://www.fhs.hr/en/course/cob_a,crawled_output_en/fhs.hr_en_course_cob_a.md,3
https://www.fhs.hr/en/course/cmhahw,crawled_output_en/fhs.hr_en_course_cmhahw.md,3
https://www.fhs.hr/en/course/cmt,crawled_output_en/fhs.hr_en_course_cmt.md,3
https://www.fhs.hr/en/course/cocitd_a,crawled_output_en/fhs.hr_en_course_cocitd_a.md,3
https://www.fhs.hr/en/course/comapor,crawled_output_en/fhs.hr_en_course_comapor.md,3
https://www.fhs.hr/en/course/cnr,crawled_output_en/fhs.hr_en_course_cnr.md,3
https://www.fhs.hr/en/course/cmitcoemc_a,crawled_output_en/fhs.hr_en_course_cmitcoemc_a.md,3
https://www.fhs.hr/en/course/comman,crawled_output_en/fhs.hr_en_course_comman.md,3
https://www.fhs.hr/en/course/conphi_a,crawled_output_en/fhs.hr_en_course_conphi_a.md,3
https://www.fhs.hr/en/course/cordem_a,crawled_output_en/fhs.hr_en_course_cordem_a.md,3
https://www.fhs.hr/en/course/corcom_b,crawled_output_en/fhs.hr_en_course_corcom_b.md,3
https://www.fhs.hr/en/course/cotycr,crawled_output_en/fhs.hr_en_course_cotycr.md,3
https://www.fhs.hr/en/course/cpe,crawled_output_en/fhs.hr_en_course_cpe.md,3
https://www.fhs.hr/en/course/corcom_a,crawled_output_en/fhs.hr_en_course_corcom_a.md,3
https://www.fhs.hr/en/course/cphf1t1_a,crawled_output_en/fhs.hr_en_course_cphf1t1_a.md,3
https://www.fhs.hr/en/course/cprrw_a,crawled_output_en/fhs.hr_en_course_cprrw_a.md,3
https://www.fhs.hr/en/course/croeth_a,crawled_output_en/fhs.hr_en_course_croeth_a.md,3
https://www.fhs.hr/en/course/cpitmot_c,crawled_output_en/fhs.hr_en_course_cpitmot_c.md,3
https://www.fhs.hr/en/course/cph,crawled_output_en/fhs.hr_en_course_cph.md,3
https://www.fhs.hr/en/course/cromor,crawled_output_en/fhs.hr_en_course_cromor.md,3
https://www.fhs.hr/en/course/cphitec_a,crawled_output_en/fhs.hr_en_course_cphitec_a.md,3
https://www.fhs.hr/en/course/crodia_c,crawled_output_en/fhs.hr_en_course_crodia_c.md,3
https://www.fhs.hr/en/course/croicc,crawled_output_en/fhs.hr_en_course_croicc.md,3
https://www.fhs.hr/en/course/crolex,crawled_output_en/fhs.hr_en_course_crolex.md,3
https://www.fhs.hr/en/course/crohag,crawled_output_en/fhs.hr_en_course_crohag.md,3
https://www.fhs.hr/en/course/croaes,crawled_output_en/fhs.hr_en_course_croaes.md,3
https://www.fhs.hr/en/course/croinc,crawled_output_en/fhs.hr_en_course_croinc.md,3
https://www.fhs.hr/en/course/crogla_a,crawled_output_en/fhs.hr_en_course_crogla_a.md,3
https://www.fhs.hr/en/course/cropop,crawled_output_en/fhs.hr_en_course_cropop.md,3
https://www.fhs.hr/en/course/croort,crawled_output_en/fhs.hr_en_course_croort.md,3
https://www.fhs.hr/en/course/cropho,crawled_output_en/fhs.hr_en_course_cropho.md,3
https://www.fhs.hr/en/course/crophi,crawled_output_en/fhs.hr_en_course_crophi.md,3
https://www.fhs.hr/en/course/csa,crawled_output_en/fhs.hr_en_course_csa.md,3
https://www.fhs.hr/en/course/crosyn_a,crawled_output_en/fhs.hr_en_course_crosyn_a.md,3
https://www.fhs.hr/en/course/csaa_a,crawled_output_en/fhs.hr_en_course_csaa_a.md,3
https://www.fhs.hr/en/course/csiaph,crawled_output_en/fhs.hr_en_course_csiaph.md,3
https://www.fhs.hr/en/course/cst,crawled_output_en/fhs.hr_en_course_cst.md,3
https://www.fhs.hr/en/course/ctis_a,crawled_output_en/fhs.hr_en_course_ctis_a.md,3
https://www.fhs.hr/en/course/csachfttcttpd,crawled_output_en/fhs.hr_en_course_csachfttcttpd.md,3
https://www.fhs.hr/en/course/ctm,crawled_output_en/fhs.hr_en_course_ctm.md,3
https://www.fhs.hr/en/course/cst_b,crawled_output_en/fhs.hr_en_course_cst_b.md,3
https://www.fhs.hr/en/course/csaforb,crawled_output_en/fhs.hr_en_course_csaforb.md,3
https://www.fhs.hr/en/course/csachbteot1c,crawled_output_en/fhs.hr_en_course_csachbteot1c.md,3
https://www.fhs.hr/en/course/ctcag,crawled_output_en/fhs.hr_en_course_ctcag.md,3
https://www.fhs.hr/en/course/csr_c,crawled_output_en/fhs.hr_en_course_csr_c.md,3
https://www.fhs.hr/en/course/cwie,crawled_output_en/fhs.hr_en_course_cwie.md,3
https://www.fhs.hr/en/course/cwoer_a,crawled_output_en/fhs.hr_en_course_cwoer_a.md,3
https://www.fhs.hr/en/course/cva,crawled_output_en/fhs.hr_en_course_cva.md,3
https://www.fhs.hr/en/course/daca_a,crawled_output_en/fhs.hr_en_course_daca_a.md,3
https://www.fhs.hr/en/course/daotgsaic1,crawled_output_en/fhs.hr_en_course_daotgsaic1.md,3
https://www.fhs.hr/en/course/datpro,crawled_output_en/fhs.hr_en_course_datpro.md,3
https://www.fhs.hr/en/course/dadoe,crawled_output_en/fhs.hr_en_course_dadoe.md,3
https://www.fhs.hr/en/course/dem1,crawled_output_en/fhs.hr_en_course_dem1.md,3
https://www.fhs.hr/en/course/dem2,crawled_output_en/fhs.hr_en_course_dem2.md,3
https://www.fhs.hr/en/course/dcitroc_a,crawled_output_en/fhs.hr_en_course_dcitroc_a.md,3
https://www.fhs.hr/en/course/ddocay,crawled_output_en/fhs.hr_en_course_ddocay.md,3
https://www.fhs.hr/en/course/dem,crawled_output_en/fhs.hr_en_course_dem.md,3
https://www.fhs.hr/en/course/datw_b,crawled_output_en/fhs.hr_en_course_datw_b.md,3
https://www.fhs.hr/en/course/demdat_b,crawled_output_en/fhs.hr_en_course_demdat_b.md,3
https://www.fhs.hr/en/course/dessta_a,crawled_output_en/fhs.hr_en_course_dessta_a.md,3
https://www.fhs.hr/en/course/ditsc,crawled_output_en/fhs.hr_en_course_ditsc.md,3
https://www.fhs.hr/en/course/dotcia,crawled_output_en/fhs.hr_en_course_dotcia.md,3
https://www.fhs.hr/en/course/digsoc,crawled_output_en/fhs.hr_en_course_digsoc.md,3
https://www.fhs.hr/en/course/digjou_a,crawled_output_en/fhs.hr_en_course_digjou_a.md,3
https://www.fhs.hr/en/course/dopr,crawled_output_en/fhs.hr_en_course_dopr.md,3
https://www.fhs.hr/en/course/difpsy,crawled_output_en/fhs.hr_en_course_difpsy.md,3
https://www.fhs.hr/en/course/dmam_a,crawled_output_en/fhs.hr_en_course_dmam_a.md,3
https://www.fhs.hr/en/course/demsta_a,crawled_output_en/fhs.hr_en_course_demsta_a.md,3
https://www.fhs.hr/en/course/did_a,crawled_output_en/fhs.hr_en_course_did_a.md,3
https://www.fhs.hr/en/course/devpsy_b,crawled_output_en/fhs.hr_en_course_devpsy_b.md,3
https://www.fhs.hr/en/course/digact,crawled_output_en/fhs.hr_en_course_digact.md,3
https://www.fhs.hr/en/course/drp,crawled_output_en/fhs.hr_en_course_drp.md,3
https://www.fhs.hr/en/course/drap,crawled_output_en/fhs.hr_en_course_drap.md,3
https://www.fhs.hr/en/course/dpas_a,crawled_output_en/fhs.hr_en_course_dpas_a.md,3
https://www.fhs.hr/en/course/dtss,crawled_output_en/fhs.hr_en_course_dtss.md,3
https://www.fhs.hr/en/course/eamop_b,crawled_output_en/fhs.hr_en_course_eamop_b.md,3
https://www.fhs.hr/en/course/ecl,crawled_output_en/fhs.hr_en_course_ecl.md,3
https://www.fhs.hr/en/course/efp,crawled_output_en/fhs.hr_en_course_efp.md,3
https://www.fhs.hr/en/course/emo,crawled_output_en/fhs.hr_en_course_emo.md,3
https://www.fhs.hr/en/course/efj,crawled_output_en/fhs.hr_en_course_efj.md,3
https://www.fhs.hr/en/course/eij,crawled_output_en/fhs.hr_en_course_eij.md,3
https://www.fhs.hr/en/course/elt,crawled_output_en/fhs.hr_en_course_elt.md,3
https://www.fhs.hr/en/course/elegre2,crawled_output_en/fhs.hr_en_course_elegre2.md,3
https://www.fhs.hr/en/course/emeawh,crawled_output_en/fhs.hr_en_course_emeawh.md,3
https://www.fhs.hr/en/course/eliar,crawled_output_en/fhs.hr_en_course_eliar.md,3
https://www.fhs.hr/en/course/ecohis_a,crawled_output_en/fhs.hr_en_course_ecohis_a.md,3
https://www.fhs.hr/en/course/edupsy_a,crawled_output_en/fhs.hr_en_course_edupsy_a.md,3
https://www.fhs.hr/en/course/elesys,crawled_output_en/fhs.hr_en_course_elesys.md,3
https://www.fhs.hr/en/course/ehamlaaemc,crawled_output_en/fhs.hr_en_course_ehamlaaemc.md,3
https://www.fhs.hr/en/course/eitcd,crawled_output_en/fhs.hr_en_course_eitcd.md,3
https://www.fhs.hr/en/course/epi_a,crawled_output_en/fhs.hr_en_course_epi_a.md,3
https://www.fhs.hr/en/course/elegre_b,crawled_output_en/fhs.hr_en_course_elegre_b.md,3
https://www.fhs.hr/en/course/epoe_a,crawled_output_en/fhs.hr_en_course_epoe_a.md,3
https://www.fhs.hr/en/course/expmet_a,crawled_output_en/fhs.hr_en_course_expmet_a.md,3
https://www.fhs.hr/en/course/esicc_a,crawled_output_en/fhs.hr_en_course_esicc_a.md,3
https://www.fhs.hr/en/course/facana,crawled_output_en/fhs.hr_en_course_facana.md,3
https://www.fhs.hr/en/course/fie1,crawled_output_en/fhs.hr_en_course_fie1.md,3
https://www.fhs.hr/en/course/fomr_a,crawled_output_en/fhs.hr_en_course_fomr_a.md,3
https://www.fhs.hr/en/course/focij,crawled_output_en/fhs.hr_en_course_focij.md,3
https://www.fhs.hr/en/course/ftaaoec,crawled_output_en/fhs.hr_en_course_ftaaoec.md,3
https://www.fhs.hr/en/course/eth_a,crawled_output_en/fhs.hr_en_course_eth_a.md,3
https://www.fhs.hr/en/course/esb_b,crawled_output_en/fhs.hr_en_course_esb_b.md,3
https://www.fhs.hr/en/course/focbag,crawled_output_en/fhs.hr_en_course_focbag.md,3
https://www.fhs.hr/en/course/esb,crawled_output_en/fhs.hr_en_course_esb.md,3
https://www.fhs.hr/en/course/fcw,crawled_output_en/fhs.hr_en_course_fcw.md,3
https://www.fhs.hr/en/course/forpsy_a,crawled_output_en/fhs.hr_en_course_forpsy_a.md,3
https://www.fhs.hr/en/course/forpsy,crawled_output_en/fhs.hr_en_course_forpsy.md,3
https://www.fhs.hr/en/course/fietri2,crawled_output_en/fhs.hr_en_course_fietri2.md,3
https://www.fhs.hr/en/course/faircl,crawled_output_en/fhs.hr_en_course_faircl.md,3
https://www.fhs.hr/en/course/gatlosgudsdw,crawled_output_en/fhs.hr_en_course_gatlosgudsdw.md,3
https://www.fhs.hr/en/course/gags_a,crawled_output_en/fhs.hr_en_course_gags_a.md,3
https://www.fhs.hr/en/course/gans,crawled_output_en/fhs.hr_en_course_gans.md,3
https://www.fhs.hr/en/course/giorc,crawled_output_en/fhs.hr_en_course_giorc.md,3
https://www.fhs.hr/en/course/glostr,crawled_output_en/fhs.hr_en_course_glostr.md,3
https://www.fhs.hr/en/course/gfoc_b,crawled_output_en/fhs.hr_en_course_gfoc_b.md,3
https://www.fhs.hr/en/course/hacoae,crawled_output_en/fhs.hr_en_course_hacoae.md,3
https://www.fhs.hr/en/course/gpai_a,crawled_output_en/fhs.hr_en_course_gpai_a.md,3
https://www.fhs.hr/en/course/glo,crawled_output_en/fhs.hr_en_course_glo.md,3
https://www.fhs.hr/en/course/genpsy,crawled_output_en/fhs.hr_en_course_genpsy.md,3
https://www.fhs.hr/en/course/gloant,crawled_output_en/fhs.hr_en_course_gloant.md,3
https://www.fhs.hr/en/course/gisgaop,crawled_output_en/fhs.hr_en_course_gisgaop.md,3
https://www.fhs.hr/en/course/grawor_c,crawled_output_en/fhs.hr_en_course_grawor_c.md,3
https://www.fhs.hr/en/course/grerel,crawled_output_en/fhs.hr_en_course_grerel.md,3
https://www.fhs.hr/en/course/haa_b,crawled_output_en/fhs.hr_en_course_haa_b.md,3
https://www.fhs.hr/en/course/grathe,crawled_output_en/fhs.hr_en_course_grathe.md,3
https://www.fhs.hr/en/course/grawor_b,crawled_output_en/fhs.hr_en_course_grawor_b.md,3
https://www.fhs.hr/en/course/hacotgarw,crawled_output_en/fhs.hr_en_course_hacotgarw.md,3
https://www.fhs.hr/en/course/hacotcc,crawled_output_en/fhs.hr_en_course_hacotcc.md,3
https://www.fhs.hr/en/course/grelan,crawled_output_en/fhs.hr_en_course_grelan.md,3
https://www.fhs.hr/en/course/hafotictftfyiih_a,crawled_output_en/fhs.hr_en_course_hafotictftfyiih_a.md,3
https://www.fhs.hr/en/course/hatof,crawled_output_en/fhs.hr_en_course_hatof.md,3
https://www.fhs.hr/en/course/hcocc,crawled_output_en/fhs.hr_en_course_hcocc.md,3
https://www.fhs.hr/en/course/heapsy,crawled_output_en/fhs.hr_en_course_heapsy.md,3
https://www.fhs.hr/en/course/hoce,crawled_output_en/fhs.hr_en_course_hoce.md,3
https://www.fhs.hr/en/course/hoegarifafvf_a,crawled_output_en/fhs.hr_en_course_hoegarifafvf_a.md,3
https://www.fhs.hr/en/course/hisdem,crawled_output_en/fhs.hr_en_course_hisdem.md,3
https://www.fhs.hr/en/course/hoct_a,crawled_output_en/fhs.hr_en_course_hoct_a.md,3
https://www.fhs.hr/en/course/hodatdr_b,crawled_output_en/fhs.hr_en_course_hodatdr_b.md,3
https://www.fhs.hr/en/course/hocic_b,crawled_output_en/fhs.hr_en_course_hocic_b.md,3
https://www.fhs.hr/en/course/hoe_a,crawled_output_en/fhs.hr_en_course_hoe_a.md,3
https://www.fhs.hr/en/course/hoa_b,crawled_output_en/fhs.hr_en_course_hoa_b.md,3
https://www.fhs.hr/en/course/hocc_a,crawled_output_en/fhs.hr_en_course_hocc_a.md,3
https://www.fhs.hr/en/course/homb_a,crawled_output_en/fhs.hr_en_course_homb_a.md,3
https://www.fhs.hr/en/course/himft,crawled_output_en/fhs.hr_en_course_himft.md,3
https://www.fhs.hr/en/course/hocc,crawled_output_en/fhs.hr_en_course_hocc.md,3
https://www.fhs.hr/en/course/hocs,crawled_output_en/fhs.hr_en_course_hocs.md,3
https://www.fhs.hr/en/course/hoct,crawled_output_en/fhs.hr_en_course_hoct.md,3
https://www.fhs.hr/en/course/hoditl1c,crawled_output_en/fhs.hr_en_course_hoditl1c.md,3
https://www.fhs.hr/en/course/hocbal,crawled_output_en/fhs.hr_en_course_hocbal.md,3
https://www.fhs.hr/en/course/hitia_a,crawled_output_en/fhs.hr_en_course_hitia_a.md,3
https://www.fhs.hr/en/course/hocp,crawled_output_en/fhs.hr_en_course_hocp.md,3
https://www.fhs.hr/en/course/hop_d,crawled_output_en/fhs.hr_en_course_hop_d.md,3
https://www.fhs.hr/en/course/hotuftfctteot1c_b,crawled_output_en/fhs.hr_en_course_hotuftfctteot1c_b.md,3
https://www.fhs.hr/en/course/iocwid,crawled_output_en/fhs.hr_en_course_iocwid.md,3
https://www.fhs.hr/en/course/indphi,crawled_output_en/fhs.hr_en_course_indphi.md,3
https://www.fhs.hr/en/course/hoocitcc_b,crawled_output_en/fhs.hr_en_course_hoocitcc_b.md,3
https://www.fhs.hr/en/course/hor_c,crawled_output_en/fhs.hr_en_course_hor_c.md,3
https://www.fhs.hr/en/course/hrm_b,crawled_output_en/fhs.hr_en_course_hrm_b.md,3
https://www.fhs.hr/en/course/immmod,crawled_output_en/fhs.hr_en_course_immmod.md,3
https://www.fhs.hr/en/course/intbio,crawled_output_en/fhs.hr_en_course_intbio.md,3
https://www.fhs.hr/en/course/homc_a,crawled_output_en/fhs.hr_en_course_homc_a.md,3
https://www.fhs.hr/en/course/intapp,crawled_output_en/fhs.hr_en_course_intapp.md,3
https://www.fhs.hr/en/course/ifasotcl,crawled_output_en/fhs.hr_en_course_ifasotcl.md,3
https://www.fhs.hr/en/course/iotcpsats,crawled_output_en/fhs.hr_en_course_iotcpsats.md,3
https://www.fhs.hr/en/course/homcic,crawled_output_en/fhs.hr_en_course_homcic.md,3
https://www.fhs.hr/en/course/hotcsl_b,crawled_output_en/fhs.hr_en_course_hotcsl_b.md,3
https://www.fhs.hr/en/course/ioteu,crawled_output_en/fhs.hr_en_course_ioteu.md,3
https://www.fhs.hr/en/course/hoplcitl1c,crawled_output_en/fhs.hr_en_course_hoplcitl1c.md,3
https://www.fhs.hr/en/course/infsta_a,crawled_output_en/fhs.hr_en_course_infsta_a.md,3
https://www.fhs.hr/en/course/humrig_a,crawled_output_en/fhs.hr_en_course_humrig_a.md,3
https://www.fhs.hr/en/course/iatup,crawled_output_en/fhs.hr_en_course_iatup.md,3
https://www.fhs.hr/en/course/isoc,crawled_output_en/fhs.hr_en_course_isoc.md,3
https://www.fhs.hr/en/course/irmal,crawled_output_en/fhs.hr_en_course_irmal.md,3
https://www.fhs.hr/en/course/itai,crawled_output_en/fhs.hr_en_course_itai.md,3
https://www.fhs.hr/en/course/itcp,crawled_output_en/fhs.hr_en_course_itcp.md,3
https://www.fhs.hr/en/course/itcs_b,crawled_output_en/fhs.hr_en_course_itcs_b.md,3
https://www.fhs.hr/en/course/itlp,crawled_output_en/fhs.hr_en_course_itlp.md,3
https://www.fhs.hr/en/course/itcadl,crawled_output_en/fhs.hr_en_course_itcadl.md,3
https://www.fhs.hr/en/course/itpatsip_a,crawled_output_en/fhs.hr_en_course_itpatsip_a.md,3
https://www.fhs.hr/en/course/itp_c,crawled_output_en/fhs.hr_en_course_itp_c.md,3
https://www.fhs.hr/en/course/itdp,crawled_output_en/fhs.hr_en_course_itdp.md,3
https://www.fhs.hr/en/course/itcs,crawled_output_en/fhs.hr_en_course_itcs.md,3
https://www.fhs.hr/en/course/iths,crawled_output_en/fhs.hr_en_course_iths.md,3
https://www.fhs.hr/en/course/itj,crawled_output_en/fhs.hr_en_course_itj.md,3
https://www.fhs.hr/en/course/itc,crawled_output_en/fhs.hr_en_course_itc.md,3
https://www.fhs.hr/en/course/itsp_a,crawled_output_en/fhs.hr_en_course_itsp_a.md,3
https://www.fhs.hr/en/course/itp_b,crawled_output_en/fhs.hr_en_course_itp_b.md,3
https://www.fhs.hr/en/course/itpr_a,crawled_output_en/fhs.hr_en_course_itpr_a.md,3
https://www.fhs.hr/en/course/its_b,crawled_output_en/fhs.hr_en_course_its_b.md,3
https://www.fhs.hr/en/course/its_c,crawled_output_en/fhs.hr_en_course_its_c.md,3
https://www.fhs.hr/en/course/itsrmas_a,crawled_output_en/fhs.hr_en_course_itsrmas_a.md,3
https://www.fhs.hr/en/course/itsr,crawled_output_en/fhs.hr_en_course_itsr.md,3
https://www.fhs.hr/en/course/itsr_a,crawled_output_en/fhs.hr_en_course_itsr_a.md,3
https://www.fhs.hr/en/course/ittasoh_a,crawled_output_en/fhs.hr_en_course_ittasoh_a.md,3
https://www.fhs.hr/en/course/ivabrl_a,crawled_output_en/fhs.hr_en_course_ivabrl_a.md,3
https://www.fhs.hr/en/course/itsw_a,crawled_output_en/fhs.hr_en_course_itsw_a.md,3
https://www.fhs.hr/en/course/lacocitd_a,crawled_output_en/fhs.hr_en_course_lacocitd_a.md,3
https://www.fhs.hr/en/course/ittmod_a,crawled_output_en/fhs.hr_en_course_ittmod_a.md,3
https://www.fhs.hr/en/course/lacocibah_a,crawled_output_en/fhs.hr_en_course_lacocibah_a.md,3
https://www.fhs.hr/en/course/jaapp,crawled_output_en/fhs.hr_en_course_jaapp.md,3
https://www.fhs.hr/en/course/laeprs,crawled_output_en/fhs.hr_en_course_laeprs.md,3
https://www.fhs.hr/en/course/lat5,crawled_output_en/fhs.hr_en_course_lat5.md,3
https://www.fhs.hr/en/course/lat3,crawled_output_en/fhs.hr_en_course_lat3.md,3
https://www.fhs.hr/en/course/lat4,crawled_output_en/fhs.hr_en_course_lat4.md,3
https://www.fhs.hr/en/course/lat6,crawled_output_en/fhs.hr_en_course_lat6.md,3
https://www.fhs.hr/en/course/lacotcitd,crawled_output_en/fhs.hr_en_course_lacotcitd.md,3
https://www.fhs.hr/en/course/lat1,crawled_output_en/fhs.hr_en_course_lat1.md,3
https://www.fhs.hr/en/course/laoearm_a,crawled_output_en/fhs.hr_en_course_laoearm_a.md,3
https://www.fhs.hr/en/course/lalhonc,crawled_output_en/fhs.hr_en_course_lalhonc.md,3
https://www.fhs.hr/en/course/lalotcl_a,crawled_output_en/fhs.hr_en_course_lalotcl_a.md,3
https://www.fhs.hr/en/course/latica_a,crawled_output_en/fhs.hr_en_course_latica_a.md,3
https://www.fhs.hr/en/course/lasp_a,crawled_output_en/fhs.hr_en_course_lasp_a.md,3
https://www.fhs.hr/en/course/latlit2,crawled_output_en/fhs.hr_en_course_latlit2.md,3
https://www.fhs.hr/en/course/latlan2,crawled_output_en/fhs.hr_en_course_latlan2.md,3
https://www.fhs.hr/en/course/latlit4,crawled_output_en/fhs.hr_en_course_latlit4.md,3
https://www.fhs.hr/en/course/latin_c,crawled_output_en/fhs.hr_en_course_latin_c.md,3
https://www.fhs.hr/en/course/litsty,crawled_output_en/fhs.hr_en_course_litsty.md,3
https://www.fhs.hr/en/course/ltitcl,crawled_output_en/fhs.hr_en_course_ltitcl.md,3
https://www.fhs.hr/en/course/latlit1,crawled_output_en/fhs.hr_en_course_latlit1.md,3
https://www.fhs.hr/en/course/lbapd_b,crawled_output_en/fhs.hr_en_course_lbapd_b.md,3
https://www.fhs.hr/en/course/lpae_a,crawled_output_en/fhs.hr_en_course_lpae_a.md,3
https://www.fhs.hr/en/course/latpat,crawled_output_en/fhs.hr_en_course_latpat.md,3
https://www.fhs.hr/en/course/latlit3,crawled_output_en/fhs.hr_en_course_latlit3.md,3
https://www.fhs.hr/en/course/mab,crawled_output_en/fhs.hr_en_course_mab.md,3
https://www.fhs.hr/en/course/log2_a,crawled_output_en/fhs.hr_en_course_log2_a.md,3
https://www.fhs.hr/en/course/latlan_a,crawled_output_en/fhs.hr_en_course_latlan_a.md,3
https://www.fhs.hr/en/course/lochis,crawled_output_en/fhs.hr_en_course_lochis.md,3
https://www.fhs.hr/en/course/log1_a,crawled_output_en/fhs.hr_en_course_log1_a.md,3
https://www.fhs.hr/en/course/llithoce,crawled_output_en/fhs.hr_en_course_llithoce.md,3
https://www.fhs.hr/en/course/mach_a,crawled_output_en/fhs.hr_en_course_mach_a.md,3
https://www.fhs.hr/en/course/mahw,crawled_output_en/fhs.hr_en_course_mahw.md,3
https://www.fhs.hr/en/course/mans,crawled_output_en/fhs.hr_en_course_mans.md,3
https://www.fhs.hr/en/course/mapcl_a,crawled_output_en/fhs.hr_en_course_mapcl_a.md,3
https://www.fhs.hr/en/course/macthe,crawled_output_en/fhs.hr_en_course_macthe.md,3
https://www.fhs.hr/en/course/mapoitcwoi1,crawled_output_en/fhs.hr_en_course_mapoitcwoi1.md,3
https://www.fhs.hr/en/course/majg,crawled_output_en/fhs.hr_en_course_majg.md,3
https://www.fhs.hr/en/course/mapcl,crawled_output_en/fhs.hr_en_course_mapcl.md,3
https://www.fhs.hr/en/course/masthe_d,crawled_output_en/fhs.hr_en_course_masthe_d.md,3
https://www.fhs.hr/en/course/mapaotbov_a,crawled_output_en/fhs.hr_en_course_mapaotbov_a.md,3
https://www.fhs.hr/en/course/masthe_c,crawled_output_en/fhs.hr_en_course_masthe_c.md,3
https://www.fhs.hr/en/course/mardrz_a,crawled_output_en/fhs.hr_en_course_mardrz_a.md,3
https://www.fhs.hr/en/course/masthe_b,crawled_output_en/fhs.hr_en_course_masthe_b.md,3
https://www.fhs.hr/en/course/mappaie,crawled_output_en/fhs.hr_en_course_mappaie.md,3
https://www.fhs.hr/en/course/map,crawled_output_en/fhs.hr_en_course_map.md,3
https://www.fhs.hr/en/course/mcca,crawled_output_en/fhs.hr_en_course_mcca.md,3
https://www.fhs.hr/en/course/mcap,crawled_output_en/fhs.hr_en_course_mcap.md,3
https://www.fhs.hr/en/course/mat,crawled_output_en/fhs.hr_en_course_mat.md,3
https://www.fhs.hr/en/course/masthe_a,crawled_output_en/fhs.hr_en_course_masthe_a.md,3
https://www.fhs.hr/en/course/mcajitcw,crawled_output_en/fhs.hr_en_course_mcajitcw.md,3
https://www.fhs.hr/en/course/mcpa,crawled_output_en/fhs.hr_en_course_mcpa.md,3
https://www.fhs.hr/en/course/mcraho,crawled_output_en/fhs.hr_en_course_mcraho.md,3
https://www.fhs.hr/en/course/mcla,crawled_output_en/fhs.hr_en_course_mcla.md,3
https://www.fhs.hr/en/course/meatm,crawled_output_en/fhs.hr_en_course_meatm.md,3
https://www.fhs.hr/en/course/medlan_a,crawled_output_en/fhs.hr_en_course_medlan_a.md,3
https://www.fhs.hr/en/course/mcrm,crawled_output_en/fhs.hr_en_course_mcrm.md,3
https://www.fhs.hr/en/course/medrel,crawled_output_en/fhs.hr_en_course_medrel.md,3
https://www.fhs.hr/en/course/meh,crawled_output_en/fhs.hr_en_course_meh.md,3
https://www.fhs.hr/en/course/medphi_a,crawled_output_en/fhs.hr_en_course_medphi_a.md,3
https://www.fhs.hr/en/course/mcs,crawled_output_en/fhs.hr_en_course_mcs.md,3
https://www.fhs.hr/en/course/medpsy_a,crawled_output_en/fhs.hr_en_course_medpsy_a.md,3
https://www.fhs.hr/en/course/mhotshot2c_a,crawled_output_en/fhs.hr_en_course_mhotshot2c_a.md,3
https://www.fhs.hr/en/course/medman,crawled_output_en/fhs.hr_en_course_medman.md,3
https://www.fhs.hr/en/course/mohsaal,crawled_output_en/fhs.hr_en_course_mohsaal.md,3
https://www.fhs.hr/en/course/met_a,crawled_output_en/fhs.hr_en_course_met_a.md,3
https://www.fhs.hr/en/course/micthe,crawled_output_en/fhs.hr_en_course_micthe.md,3
https://www.fhs.hr/en/course/mirkrl_a,crawled_output_en/fhs.hr_en_course_mirkrl_a.md,3
https://www.fhs.hr/en/course/mot,crawled_output_en/fhs.hr_en_course_mot.md,3
https://www.fhs.hr/en/course/mitcl,crawled_output_en/fhs.hr_en_course_mitcl.md,3
https://www.fhs.hr/en/course/moli,crawled_output_en/fhs.hr_en_course_moli.md,3
https://www.fhs.hr/en/course/mosr,crawled_output_en/fhs.hr_en_course_mosr.md,3
https://www.fhs.hr/en/course/motcl,crawled_output_en/fhs.hr_en_course_motcl.md,3
https://www.fhs.hr/en/course/motl_b,crawled_output_en/fhs.hr_en_course_motl_b.md,3
https://www.fhs.hr/en/course/motp,crawled_output_en/fhs.hr_en_course_motp.md,3
https://www.fhs.hr/en/course/migthe,crawled_output_en/fhs.hr_en_course_migthe.md,3
https://www.fhs.hr/en/course/motplae,crawled_output_en/fhs.hr_en_course_motplae.md,3
https://www.fhs.hr/en/course/moth,crawled_output_en/fhs.hr_en_course_moth.md,3
https://www.fhs.hr/en/course/mots,crawled_output_en/fhs.hr_en_course_mots.md,3
https://www.fhs.hr/en/course/nonmet,crawled_output_en/fhs.hr_en_course_nonmet.md,3
https://www.fhs.hr/en/course/nmadm_a,crawled_output_en/fhs.hr_en_course_nmadm_a.md,3
https://www.fhs.hr/en/course/pacticl,crawled_output_en/fhs.hr_en_course_pacticl.md,3
https://www.fhs.hr/en/course/nobdapd,crawled_output_en/fhs.hr_en_course_nobdapd.md,3
https://www.fhs.hr/en/course/ncots,crawled_output_en/fhs.hr_en_course_ncots.md,3
https://www.fhs.hr/en/course/orgpsy,crawled_output_en/fhs.hr_en_course_orgpsy.md,3
https://www.fhs.hr/en/course/nec,crawled_output_en/fhs.hr_en_course_nec.md,3
https://www.fhs.hr/en/course/paccitec,crawled_output_en/fhs.hr_en_course_paccitec.md,3
https://www.fhs.hr/en/course/paca_a,crawled_output_en/fhs.hr_en_course_paca_a.md,3
https://www.fhs.hr/en/course/oralat_a,crawled_output_en/fhs.hr_en_course_oralat_a.md,3
https://www.fhs.hr/en/course/mribah1_a,crawled_output_en/fhs.hr_en_course_mribah1_a.md,3
https://www.fhs.hr/en/course/padp_b,crawled_output_en/fhs.hr_en_course_padp_b.md,3
https://www.fhs.hr/en/course/oothowl_a,crawled_output_en/fhs.hr_en_course_oothowl_a.md,3
https://www.fhs.hr/en/course/ort_b,crawled_output_en/fhs.hr_en_course_ort_b.md,3
https://www.fhs.hr/en/course/pae_a,crawled_output_en/fhs.hr_en_course_pae_a.md,3
https://www.fhs.hr/en/course/oolitpp,crawled_output_en/fhs.hr_en_course_oolitpp.md,3
https://www.fhs.hr/en/course/oolitaohatr,crawled_output_en/fhs.hr_en_course_oolitaohatr.md,3
https://www.fhs.hr/en/course/pafs,crawled_output_en/fhs.hr_en_course_pafs.md,3
https://www.fhs.hr/en/course/ooml_a,crawled_output_en/fhs.hr_en_course_ooml_a.md,3
https://www.fhs.hr/en/course/oocsatw,crawled_output_en/fhs.hr_en_course_oocsatw.md,3
https://www.fhs.hr/en/course/palcar,crawled_output_en/fhs.hr_en_course_palcar.md,3
https://www.fhs.hr/en/course/paocwviwad,crawled_output_en/fhs.hr_en_course_paocwviwad.md,3
https://www.fhs.hr/en/course/patttaropwmhd,crawled_output_en/fhs.hr_en_course_patttaropwmhd.md,3
https://www.fhs.hr/en/course/pcahs_a,crawled_output_en/fhs.hr_en_course_pcahs_a.md,3
https://www.fhs.hr/en/course/patfc,crawled_output_en/fhs.hr_en_course_patfc.md,3
https://www.fhs.hr/en/course/parped,crawled_output_en/fhs.hr_en_course_parped.md,3
https://www.fhs.hr/en/course/pas,crawled_output_en/fhs.hr_en_course_pas.md,3
https://www.fhs.hr/en/course/pcie,crawled_output_en/fhs.hr_en_course_pcie.md,3
https://www.fhs.hr/en/course/peitmotc_a,crawled_output_en/fhs.hr_en_course_peitmotc_a.md,3
https://www.fhs.hr/en/course/pcaiiosdtshot2c_a,crawled_output_en/fhs.hr_en_course_pcaiiosdtshot2c_a.md,3
https://www.fhs.hr/en/course/peas2_a,crawled_output_en/fhs.hr_en_course_peas2_a.md,3
https://www.fhs.hr/en/course/peas4,crawled_output_en/fhs.hr_en_course_peas4.md,3
https://www.fhs.hr/en/course/peitmotcl_a,crawled_output_en/fhs.hr_en_course_peitmotcl_a.md,3
https://www.fhs.hr/en/course/ped_c,crawled_output_en/fhs.hr_en_course_ped_c.md,3
https://www.fhs.hr/en/course/peitmots_a,crawled_output_en/fhs.hr_en_course_peitmots_a.md,3
https://www.fhs.hr/en/course/perpsy,crawled_output_en/fhs.hr_en_course_perpsy.md,3
https://www.fhs.hr/en/course/peas3,crawled_output_en/fhs.hr_en_course_peas3.md,3
https://www.fhs.hr/en/course/peas1_a,crawled_output_en/fhs.hr_en_course_peas1_a.md,3
https://www.fhs.hr/en/course/peitmoth_a,crawled_output_en/fhs.hr_en_course_peitmoth_a.md,3
https://www.fhs.hr/en/course/per,crawled_output_en/fhs.hr_en_course_per.md,3
https://www.fhs.hr/en/course/peitmotp_a,crawled_output_en/fhs.hr_en_course_peitmotp_a.md,3
https://www.fhs.hr/en/course/phesoc,crawled_output_en/fhs.hr_en_course_phesoc.md,3
https://www.fhs.hr/en/course/peitmotllal_a,crawled_output_en/fhs.hr_en_course_peitmotllal_a.md,3
https://www.fhs.hr/en/course/poa_c,crawled_output_en/fhs.hr_en_course_poa_c.md,3
https://www.fhs.hr/en/course/phimet,crawled_output_en/fhs.hr_en_course_phimet.md,3
https://www.fhs.hr/en/course/poaaa,crawled_output_en/fhs.hr_en_course_poaaa.md,3
https://www.fhs.hr/en/course/poa_a,crawled_output_en/fhs.hr_en_course_poa_a.md,3
https://www.fhs.hr/en/course/poammr,crawled_output_en/fhs.hr_en_course_poammr.md,3
https://www.fhs.hr/en/course/pibp,crawled_output_en/fhs.hr_en_course_pibp.md,3
https://www.fhs.hr/en/course/poh_b,crawled_output_en/fhs.hr_en_course_poh_b.md,3
https://www.fhs.hr/en/course/poc_f,crawled_output_en/fhs.hr_en_course_poc_f.md,3
https://www.fhs.hr/en/course/pocaa,crawled_output_en/fhs.hr_en_course_pocaa.md,3
https://www.fhs.hr/en/course/pmans,crawled_output_en/fhs.hr_en_course_pmans.md,3
https://www.fhs.hr/en/course/polphi,crawled_output_en/fhs.hr_en_course_polphi.md,3
https://www.fhs.hr/en/course/pogas,crawled_output_en/fhs.hr_en_course_pogas.md,3
https://www.fhs.hr/en/course/polgeo_a,crawled_output_en/fhs.hr_en_course_polgeo_a.md,3
https://www.fhs.hr/en/course/poc_d,crawled_output_en/fhs.hr_en_course_poc_d.md,3
https://www.fhs.hr/en/course/poc_g,crawled_output_en/fhs.hr_en_course_poc_g.md,3
https://www.fhs.hr/en/course/poe,crawled_output_en/fhs.hr_en_course_poe.md,3
https://www.fhs.hr/en/course/polcom,crawled_output_en/fhs.hr_en_course_polcom.md,3
https://www.fhs.hr/en/course/pol,crawled_output_en/fhs.hr_en_course_pol.md,3
https://www.fhs.hr/en/course/pomar,crawled_output_en/fhs.hr_en_course_pomar.md,3
https://www.fhs.hr/en/course/pom_c,crawled_output_en/fhs.hr_en_course_pom_c.md,3
https://www.fhs.hr/en/course/pommamc,crawled_output_en/fhs.hr_en_course_pommamc.md,3
https://www.fhs.hr/en/course/pom,crawled_output_en/fhs.hr_en_course_pom.md,3
https://www.fhs.hr/en/course/poob,crawled_output_en/fhs.hr_en_course_poob.md,3
https://www.fhs.hr/en/course/popc,crawled_output_en/fhs.hr_en_course_popc.md,3
https://www.fhs.hr/en/course/pommamc_b,crawled_output_en/fhs.hr_en_course_pommamc_b.md,3
https://www.fhs.hr/en/course/poppol_a,crawled_output_en/fhs.hr_en_course_poppol_a.md,3
https://www.fhs.hr/en/course/posae,crawled_output_en/fhs.hr_en_course_posae.md,3
https://www.fhs.hr/en/course/ppos,crawled_output_en/fhs.hr_en_course_ppos.md,3
https://www.fhs.hr/en/course/ppitm,crawled_output_en/fhs.hr_en_course_ppitm.md,3
https://www.fhs.hr/en/course/popp,crawled_output_en/fhs.hr_en_course_popp.md,3
https://www.fhs.hr/en/course/pos,crawled_output_en/fhs.hr_en_course_pos.md,3
https://www.fhs.hr/en/course/possoc_d,crawled_output_en/fhs.hr_en_course_possoc_d.md,3
https://www.fhs.hr/en/course/prmomc,crawled_output_en/fhs.hr_en_course_prmomc.md,3
https://www.fhs.hr/en/course/prp,crawled_output_en/fhs.hr_en_course_prp.md,3
https://www.fhs.hr/en/course/prothe_b,crawled_output_en/fhs.hr_en_course_prothe_b.md,3
https://www.fhs.hr/en/course/prothe,crawled_output_en/fhs.hr_en_course_prothe.md,3
https://www.fhs.hr/en/course/psap,crawled_output_en/fhs.hr_en_course_psap.md,3
https://www.fhs.hr/en/course/pricas_a,crawled_output_en/fhs.hr_en_course_pricas_a.md,3
https://www.fhs.hr/en/course/psfswd,crawled_output_en/fhs.hr_en_course_psfswd.md,3
https://www.fhs.hr/en/course/psfswd_a,crawled_output_en/fhs.hr_en_course_psfswd_a.md,3
https://www.fhs.hr/en/course/prt_a,crawled_output_en/fhs.hr_en_course_prt_a.md,3
https://www.fhs.hr/en/course/psymea_a,crawled_output_en/fhs.hr_en_course_psymea_a.md,3
https://www.fhs.hr/en/course/psycou_a,crawled_output_en/fhs.hr_en_course_psycou_a.md,3
https://www.fhs.hr/en/course/pubspe,crawled_output_en/fhs.hr_en_course_pubspe.md,3
https://www.fhs.hr/en/course/ptsaci,crawled_output_en/fhs.hr_en_course_ptsaci.md,3
https://www.fhs.hr/en/course/qrm_b,crawled_output_en/fhs.hr_en_course_qrm_b.md,3
https://www.fhs.hr/en/course/psymod,crawled_output_en/fhs.hr_en_course_psymod.md,3
https://www.fhs.hr/en/course/qrmics,crawled_output_en/fhs.hr_en_course_qrmics.md,3
https://www.fhs.hr/en/course/regana,crawled_output_en/fhs.hr_en_course_regana.md,3
https://www.fhs.hr/en/course/qrm_a,crawled_output_en/fhs.hr_en_course_qrm_a.md,3
https://www.fhs.hr/en/course/qrm_c,crawled_output_en/fhs.hr_en_course_qrm_c.md,3
https://www.fhs.hr/en/course/rae_c,crawled_output_en/fhs.hr_en_course_rae_c.md,3
https://www.fhs.hr/en/course/rarcl,crawled_output_en/fhs.hr_en_course_rarcl.md,3
https://www.fhs.hr/en/course/quamet_b,crawled_output_en/fhs.hr_en_course_quamet_b.md,3
https://www.fhs.hr/en/course/quamet,crawled_output_en/fhs.hr_en_course_quamet.md,3
https://www.fhs.hr/en/course/qrmics_a,crawled_output_en/fhs.hr_en_course_qrmics_a.md,3
https://www.fhs.hr/en/course/regdem,crawled_output_en/fhs.hr_en_course_regdem.md,3
https://www.fhs.hr/en/course/rgioms,crawled_output_en/fhs.hr_en_course_rgioms.md,3
https://www.fhs.hr/en/course/rgioems,crawled_output_en/fhs.hr_en_course_rgioems.md,3
https://www.fhs.hr/en/course/respro,crawled_output_en/fhs.hr_en_course_respro.md,3
https://www.fhs.hr/en/course/regeco,crawled_output_en/fhs.hr_en_course_regeco.md,3
https://www.fhs.hr/en/course/reocc_b,crawled_output_en/fhs.hr_en_course_reocc_b.md,3
https://www.fhs.hr/en/course/renphi,crawled_output_en/fhs.hr_en_course_renphi.md,3
https://www.fhs.hr/en/course/richftemptmt,crawled_output_en/fhs.hr_en_course_richftemptmt.md,3
https://www.fhs.hr/en/course/rmp_b,crawled_output_en/fhs.hr_en_course_rmp_b.md,3
https://www.fhs.hr/en/course/rgrawat2c,crawled_output_en/fhs.hr_en_course_rgrawat2c.md,3
https://www.fhs.hr/en/course/rmarc,crawled_output_en/fhs.hr_en_course_rmarc.md,3
https://www.fhs.hr/en/course/rgiosfcht1c,crawled_output_en/fhs.hr_en_course_rgiosfcht1c.md,3
https://www.fhs.hr/en/course/rissoc_a,crawled_output_en/fhs.hr_en_course_rissoc_a.md,3
https://www.fhs.hr/en/course/rhe,crawled_output_en/fhs.hr_en_course_rhe.md,3
https://www.fhs.hr/en/course/romcom,crawled_output_en/fhs.hr_en_course_romcom.md,3
https://www.fhs.hr/en/course/rgsoegarh,crawled_output_en/fhs.hr_en_course_rgsoegarh.md,3
https://www.fhs.hr/en/course/rommet,crawled_output_en/fhs.hr_en_course_rommet.md,3
https://www.fhs.hr/en/course/rmacc,crawled_output_en/fhs.hr_en_course_rmacc.md,3
https://www.fhs.hr/en/course/romc,crawled_output_en/fhs.hr_en_course_romc.md,3
https://www.fhs.hr/en/course/rhac,crawled_output_en/fhs.hr_en_course_rhac.md,3
https://www.fhs.hr/en/course/rocis,crawled_output_en/fhs.hr_en_course_rocis.md,3
https://www.fhs.hr/en/course/rompoe1,crawled_output_en/fhs.hr_en_course_rompoe1.md,3
https://www.fhs.hr/en/course/rompoe2,crawled_output_en/fhs.hr_en_course_rompoe2.md,3
https://www.fhs.hr/en/course/rpa,crawled_output_en/fhs.hr_en_course_rpa.md,3
https://www.fhs.hr/en/course/rpsa,crawled_output_en/fhs.hr_en_course_rpsa.md,3
https://www.fhs.hr/en/course/sar11c,crawled_output_en/fhs.hr_en_course_sar11c.md,3
https://www.fhs.hr/en/course/sap,crawled_output_en/fhs.hr_en_course_sap.md,3
https://www.fhs.hr/en/course/sel_a,crawled_output_en/fhs.hr_en_course_sel_a.md,3
https://www.fhs.hr/en/course/sapsie,crawled_output_en/fhs.hr_en_course_sapsie.md,3
https://www.fhs.hr/en/course/sfsr,crawled_output_en/fhs.hr_en_course_sfsr.md,3
https://www.fhs.hr/en/course/secsoc,crawled_output_en/fhs.hr_en_course_secsoc.md,3
https://www.fhs.hr/en/course/sas,crawled_output_en/fhs.hr_en_course_sas.md,3
https://www.fhs.hr/en/course/rudjbos,crawled_output_en/fhs.hr_en_course_rudjbos.md,3
https://www.fhs.hr/en/course/scitroci2c,crawled_output_en/fhs.hr_en_course_scitroci2c.md,3
https://www.fhs.hr/en/course/sfdr_a,crawled_output_en/fhs.hr_en_course_sfdr_a.md,3
https://www.fhs.hr/en/course/scap,crawled_output_en/fhs.hr_en_course_scap.md,3
https://www.fhs.hr/en/course/sap_a,crawled_output_en/fhs.hr_en_course_sap_a.md,3
https://www.fhs.hr/en/course/sdaroemc,crawled_output_en/fhs.hr_en_course_sdaroemc.md,3
https://www.fhs.hr/en/course/sdpoteu_b,crawled_output_en/fhs.hr_en_course_sdpoteu_b.md,3
https://www.fhs.hr/en/course/sfcs,crawled_output_en/fhs.hr_en_course_sfcs.md,3
https://www.fhs.hr/en/course/sfsr_a,crawled_output_en/fhs.hr_en_course_sfsr_a.md,3
https://www.fhs.hr/en/course/simc,crawled_output_en/fhs.hr_en_course_simc.md,3
https://www.fhs.hr/en/course/smail,crawled_output_en/fhs.hr_en_course_smail.md,3
https://www.fhs.hr/en/course/slit2c_a,crawled_output_en/fhs.hr_en_course_slit2c_a.md,3
https://www.fhs.hr/en/course/socphi_b,crawled_output_en/fhs.hr_en_course_socphi_b.md,3
https://www.fhs.hr/en/course/smipr_b,crawled_output_en/fhs.hr_en_course_smipr_b.md,3
https://www.fhs.hr/en/course/socmed,crawled_output_en/fhs.hr_en_course_socmed.md,3
https://www.fhs.hr/en/course/socpsy,crawled_output_en/fhs.hr_en_course_socpsy.md,3
https://www.fhs.hr/en/course/socs2crc,crawled_output_en/fhs.hr_en_course_socs2crc.md,3
https://www.fhs.hr/en/course/socman,crawled_output_en/fhs.hr_en_course_socman.md,3
https://www.fhs.hr/en/course/sodv_b,crawled_output_en/fhs.hr_en_course_sodv_b.md,3
https://www.fhs.hr/en/course/socs4cms,crawled_output_en/fhs.hr_en_course_socs4cms.md,3
https://www.fhs.hr/en/course/socs1cdats,crawled_output_en/fhs.hr_en_course_socs1cdats.md,3
https://www.fhs.hr/en/course/som_a,crawled_output_en/fhs.hr_en_course_som_a.md,3
https://www.fhs.hr/en/course/soe,crawled_output_en/fhs.hr_en_course_soe.md,3
https://www.fhs.hr/en/course/soda,crawled_output_en/fhs.hr_en_course_soda.md,3
https://www.fhs.hr/en/course/socs3_a,crawled_output_en/fhs.hr_en_course_socs3_a.md,3
https://www.fhs.hr/en/course/sosc_a,crawled_output_en/fhs.hr_en_course_sosc_a.md,3
https://www.fhs.hr/en/course/sohrm_a,crawled_output_en/fhs.hr_en_course_sohrm_a.md,3
https://www.fhs.hr/en/course/sod_b,crawled_output_en/fhs.hr_en_course_sod_b.md,3
https://www.fhs.hr/en/course/somae_a,crawled_output_en/fhs.hr_en_course_somae_a.md,3
https://www.fhs.hr/en/course/socs5_b,crawled_output_en/fhs.hr_en_course_socs5_b.md,3
https://www.fhs.hr/en/course/sos_b,crawled_output_en/fhs.hr_en_course_sos_b.md,3
https://www.fhs.hr/en/course/sof_b,crawled_output_en/fhs.hr_en_course_sof_b.md,3
https://www.fhs.hr/en/course/sotcd_a,crawled_output_en/fhs.hr_en_course_sotcd_a.md,3
https://www.fhs.hr/en/course/sotitp,crawled_output_en/fhs.hr_en_course_sotitp.md,3
https://www.fhs.hr/en/course/sowao,crawled_output_en/fhs.hr_en_course_sowao.md,3
https://www.fhs.hr/en/course/stap2,crawled_output_en/fhs.hr_en_course_stap2.md,3
https://www.fhs.hr/en/course/tamcid_a,crawled_output_en/fhs.hr_en_course_tamcid_a.md,3
https://www.fhs.hr/en/course/soscap,crawled_output_en/fhs.hr_en_course_soscap.md,3
https://www.fhs.hr/en/course/stap1,crawled_output_en/fhs.hr_en_course_stap1.md,3
https://www.fhs.hr/en/course/tasorc,crawled_output_en/fhs.hr_en_course_tasorc.md,3
https://www.fhs.hr/en/course/spepsy,crawled_output_en/fhs.hr_en_course_spepsy.md,3
https://www.fhs.hr/en/course/stuint,crawled_output_en/fhs.hr_en_course_stuint.md,3
https://www.fhs.hr/en/course/taiolt,crawled_output_en/fhs.hr_en_course_taiolt.md,3
https://www.fhs.hr/en/course/tasot_a,crawled_output_en/fhs.hr_en_course_tasot_a.md,3
https://www.fhs.hr/en/course/spr_b,crawled_output_en/fhs.hr_en_course_spr_b.md,3
https://www.fhs.hr/en/course/tasopc_a,crawled_output_en/fhs.hr_en_course_tasopc_a.md,3
https://www.fhs.hr/en/course/stipr_a,crawled_output_en/fhs.hr_en_course_stipr_a.md,3
https://www.fhs.hr/en/course/stuint_a,crawled_output_en/fhs.hr_en_course_stuint_a.md,3
https://www.fhs.hr/en/course/tche,crawled_output_en/fhs.hr_en_course_tche.md,3
https://www.fhs.hr/en/course/tacocc_b,crawled_output_en/fhs.hr_en_course_tacocc_b.md,3
https://www.fhs.hr/en/course/tcaafl,crawled_output_en/fhs.hr_en_course_tcaafl.md,3
https://www.fhs.hr/en/course/stupla_b,crawled_output_en/fhs.hr_en_course_stupla_b.md,3
https://www.fhs.hr/en/course/texedi,crawled_output_en/fhs.hr_en_course_texedi.md,3
https://www.fhs.hr/en/course/tgitcl,crawled_output_en/fhs.hr_en_course_tgitcl.md,3
https://www.fhs.hr/en/course/tgfocbhtam,crawled_output_en/fhs.hr_en_course_tgfocbhtam.md,3
https://www.fhs.hr/en/course/tomamc_a,crawled_output_en/fhs.hr_en_course_tomamc_a.md,3
https://www.fhs.hr/en/course/tcpitfhot2c,crawled_output_en/fhs.hr_en_course_tcpitfhot2c.md,3
https://www.fhs.hr/en/course/tom_a,crawled_output_en/fhs.hr_en_course_tom_a.md,3
https://www.fhs.hr/en/course/tmav,crawled_output_en/fhs.hr_en_course_tmav.md,3
https://www.fhs.hr/en/course/theped2,crawled_output_en/fhs.hr_en_course_theped2.md,3
https://www.fhs.hr/en/course/tmaca,crawled_output_en/fhs.hr_en_course_tmaca.md,3
https://www.fhs.hr/en/course/thehol,crawled_output_en/fhs.hr_en_course_thehol.md,3
https://www.fhs.hr/en/course/tmac,crawled_output_en/fhs.hr_en_course_tmac.md,3
https://www.fhs.hr/en/course/thost_b,crawled_output_en/fhs.hr_en_course_thost_b.md,3
https://www.fhs.hr/en/course/theped1,crawled_output_en/fhs.hr_en_course_theped1.md,3
https://www.fhs.hr/en/course/tpote,crawled_output_en/fhs.hr_en_course_tpote.md,3
https://www.fhs.hr/en/course/tsamipp,crawled_output_en/fhs.hr_en_course_tsamipp.md,3
https://www.fhs.hr/en/course/tpoh,crawled_output_en/fhs.hr_en_course_tpoh.md,3
https://www.fhs.hr/en/course/thocfkmtfc,crawled_output_en/fhs.hr_en_course_thocfkmtfc.md,3
https://www.fhs.hr/en/course/trolitcl,crawled_output_en/fhs.hr_en_course_trolitcl.md,3
https://www.fhs.hr/en/course/topt,crawled_output_en/fhs.hr_en_course_topt.md,3
https://www.fhs.hr/en/course/tsc,crawled_output_en/fhs.hr_en_course_tsc.md,3
https://www.fhs.hr/en/course/vieacc_a,crawled_output_en/fhs.hr_en_course_vieacc_a.md,3
https://www.fhs.hr/en/course/tsd,crawled_output_en/fhs.hr_en_course_tsd.md,3
https://www.fhs.hr/en/course/tvocam_a,crawled_output_en/fhs.hr_en_course_tvocam_a.md,3
https://www.fhs.hr/en/course/votcco,crawled_output_en/fhs.hr_en_course_votcco.md,3
https://www.fhs.hr/en/course/whieacitmaaemp,crawled_output_en/fhs.hr_en_course_whieacitmaaemp.md,3
https://www.fhs.hr/en/course/vacaac,crawled_output_en/fhs.hr_en_course_vacaac.md,3
https://www.fhs.hr/en/course/tvjou,crawled_output_en/fhs.hr_en_course_tvjou.md,3
https://www.fhs.hr/en/course/wfitcl_a,crawled_output_en/fhs.hr_en_course_wfitcl_a.md,3
https://www.fhs.hr/en/course/viscom_a,crawled_output_en/fhs.hr_en_course_viscom_a.md,3
https://www.fhs.hr/en/course/worpop,crawled_output_en/fhs.hr_en_course_worpop.md,3
https://www.fhs.hr/en/course/wprpol,crawled_output_en/fhs.hr_en_course_wprpol.md,3
https://www.fhs.hr/en/course/worpop_b,crawled_output_en/fhs.hr_en_course_worpop_b.md,3
https://www.fhs.hr/en/course/wwg_a,crawled_output_en/fhs.hr_en_course_wwg_a.md,3
https://www.fhs.hr/en/course/wie,crawled_output_en/fhs.hr_en_course_wie.md,3
https://www.fhs.hr/en/course/wwswsen_b,crawled_output_en/fhs.hr_en_course_wwswsen_b.md,3
https://www.fhs.hr/staff/marina.ivelic,crawled_output_en/fhs.hr_staff_marina.ivelic.md,3
https://www.fhs.hr/en/course/yousub_b,crawled_output_en/fhs.hr_en_course_yousub_b.md,3
https://www.fhs.hr/en/course/wwiiff,crawled_output_en/fhs.hr_en_course_wwiiff.md,3
https://www.fhs.hr/staff/karolina.vrban_zrinski,crawled_output_en/fhs.hr_staff_karolina.vrban_zrinski.md,3
https://www.fhs.hr/en/course/yssf1t1,crawled_output_en/fhs.hr_en_course_yssf1t1.md,3
https://www.fhs.hr/staff,crawled_output_en/fhs.hr_staff.md,4
https://www.fhs.hr/staff/erik.brezovec,crawled_output_en/fhs.hr_staff_erik.brezovec.md,4
https://www.fhs.hr/staff/domagoj.brozovic,crawled_output_en/fhs.hr_staff_domagoj.brozovic.md,4
https://www.fhs.hr/staff/andreja.brajsa-zganec,crawled_output_en/fhs.hr_staff_andreja.brajsa-zganec.md,4
https://www.fhs.hr/staff/domagoj.vidovic,crawled_output_en/fhs.hr_staff_domagoj.vidovic.md,4
https://www.fhs.hr/staff/darko.vitek,crawled_output_en/fhs.hr_staff_darko.vitek.md,4
https://www.fhs.hr/staff/boris.mlacic,crawled_output_en/fhs.hr_staff_boris.mlacic.md,4
https://www.fhs.hr/staff/andjelko.vidovic,crawled_output_en/fhs.hr_staff_andjelko.vidovic.md,4
https://www.fhs.hr/staff/adrian_jadranko.beljo,crawled_output_en/fhs.hr_staff_adrian_jadranko.beljo.md,4
https://www.fhs.hr/staff/danijel.jurkovic,crawled_output_en/fhs.hr_staff_danijel.jurkovic.md,4
https://www.fhs.hr/staff/dario.pavic,crawled_output_en/fhs.hr_staff_dario.pavic.md,4
https://www.fhs.hr/staff/dario.vucenovic,crawled_output_en/fhs.hr_staff_dario.vucenovic.md,4
https://www.fhs.hr/staff/bojan.marotti,crawled_output_en/fhs.hr_staff_bojan.marotti.md,4
https://www.fhs.hr/staff/dubravka.zima,crawled_output_en/fhs.hr_staff_dubravka.zima.md,4
https://www.fhs.hr/staff/alena.gizdic,crawled_output_en/fhs.hr_staff_alena.gizdic.md,4
https://www.fhs.hr/staff/andreja.srsen,crawled_output_en/fhs.hr_staff_andreja.srsen.md,4
https://www.fhs.hr/staff/amir.kapetanovic,crawled_output_en/fhs.hr_staff_amir.kapetanovic.md,4
https://www.fhs.hr/staff/davor.piskac,crawled_output_en/fhs.hr_staff_davor.piskac.md,4
https://www.fhs.hr/staff/anto.gavric,crawled_output_en/fhs.hr_staff_anto.gavric.md,4
https://www.fhs.hr/staff/antonia.ordulj,crawled_output_en/fhs.hr_staff_antonia.ordulj.md,4
https://www.fhs.hr/staff/adinda.dulcic,crawled_output_en/fhs.hr_staff_adinda.dulcic.md,4
https://www.fhs.hr/staff/eva_katarina.glazer,crawled_output_en/fhs.hr_staff_eva_katarina.glazer.md,4
https://www.fhs.hr/staff/ivana.jelec_bulic,crawled_output_en/fhs.hr_staff_ivana.jelec_bulic.md,4
https://www.fhs.hr/staff/ivan.balabanic,crawled_output_en/fhs.hr_staff_ivan.balabanic.md,4
https://www.fhs.hr/staff/iva.sverko,crawled_output_en/fhs.hr_staff_iva.sverko.md,4
https://www.fhs.hr/staff/ivo.dzinic,crawled_output_en/fhs.hr_staff_ivo.dzinic.md,4
https://www.fhs.hr/staff/ivana.greguric,crawled_output_en/fhs.hr_staff_ivana.greguric.md,4
https://www.fhs.hr/staff/goran.rados,crawled_output_en/fhs.hr_staff_goran.rados.md,4
https://www.fhs.hr/staff/iva.cernja_rajter,crawled_output_en/fhs.hr_staff_iva.cernja_rajter.md,4
https://www.fhs.hr/staff/ivan.andrijanic,crawled_output_en/fhs.hr_staff_ivan.andrijanic.md,4
https://www.fhs.hr/staff/gordana.buljan-flander,crawled_output_en/fhs.hr_staff_gordana.buljan-flander.md,4
https://www.fhs.hr/staff/ivana.franic,crawled_output_en/fhs.hr_staff_ivana.franic.md,4
https://www.fhs.hr/staff/ivana.kresnik,crawled_output_en/fhs.hr_staff_ivana.kresnik.md,4
https://www.fhs.hr/staff/ivan.tanta,crawled_output_en/fhs.hr_staff_ivan.tanta.md,4
https://www.fhs.hr/staff/igor.marinic,crawled_output_en/fhs.hr_staff_igor.marinic.md,4
https://www.fhs.hr/staff/goran.milas,crawled_output_en/fhs.hr_staff_goran.milas.md,4
https://www.fhs.hr/staff/ines.sucic,crawled_output_en/fhs.hr_staff_ines.sucic.md,4
https://www.fhs.hr/staff/ivan.buric,crawled_output_en/fhs.hr_staff_ivan.buric.md,4
https://www.fhs.hr/staff/irena.cajner_mraovic,crawled_output_en/fhs.hr_staff_irena.cajner_mraovic.md,4
https://www.fhs.hr/staff/ivan.perkov,crawled_output_en/fhs.hr_staff_ivan.perkov.md,4
https://www.fhs.hr/staff/hela.vukadin-doronjga,crawled_output_en/fhs.hr_staff_hela.vukadin-doronjga.md,4
https://www.fhs.hr/staff/jadranka.polovic,crawled_output_en/fhs.hr_staff_jadranka.polovic.md,4
https://www.fhs.hr/staff/lucija.kresic_nacevski,crawled_output_en/fhs.hr_staff_lucija.kresic_nacevski.md,4
https://www.fhs.hr/staff/luka.sikic,crawled_output_en/fhs.hr_staff_luka.sikic.md,4
https://www.fhs.hr/staff/jelena.maricic,crawled_output_en/fhs.hr_staff_jelena.maricic.md,4
https://www.fhs.hr/staff/jelena.flego,crawled_output_en/fhs.hr_staff_jelena.flego.md,4
https://www.fhs.hr/staff/ksenija.markovic,crawled_output_en/fhs.hr_staff_ksenija.markovic.md,4
https://www.fhs.hr/staff/luka.janes,crawled_output_en/fhs.hr_staff_luka.janes.md,4
https://www.fhs.hr/staff/katarina.dadic,crawled_output_en/fhs.hr_staff_katarina.dadic.md,4
https://www.fhs.hr/staff/lucia.miskulin_saletovic,crawled_output_en/fhs.hr_staff_lucia.miskulin_saletovic.md,4
https://www.fhs.hr/staff/kristian.turkalj,crawled_output_en/fhs.hr_staff_kristian.turkalj.md,4
https://www.fhs.hr/staff/josip.burusic,crawled_output_en/fhs.hr_staff_josip.burusic.md,4
https://www.fhs.hr/staff/katarina.pavicic_dokoza,crawled_output_en/fhs.hr_staff_katarina.pavicic_dokoza.md,4
https://www.fhs.hr/staff/magdalena.getaldic,crawled_output_en/fhs.hr_staff_magdalena.getaldic.md,4
https://www.fhs.hr/staff/kristina.milkovic,crawled_output_en/fhs.hr_staff_kristina.milkovic.md,4
https://www.fhs.hr/staff/lucijan.supljika_gabelica,crawled_output_en/fhs.hr_staff_lucijan.supljika_gabelica.md,4
https://www.fhs.hr/staff/ljubica.josic,crawled_output_en/fhs.hr_staff_ljubica.josic.md,4
https://www.fhs.hr/staff/joost.van_loon,crawled_output_en/fhs.hr_staff_joost.van_loon.md,4
https://www.fhs.hr/staff/lovorka.brajkovic,crawled_output_en/fhs.hr_staff_lovorka.brajkovic.md,4
https://www.fhs.hr/staff/lana.ciboci_persa,crawled_output_en/fhs.hr_staff_lana.ciboci_persa.md,4
https://www.fhs.hr/staff/lana.muzinic_marinic,crawled_output_en/fhs.hr_staff_lana.muzinic_marinic.md,4
https://www.fhs.hr/staff/maja.matasovic,crawled_output_en/fhs.hr_staff_maja.matasovic.md,4
https://www.fhs.hr/staff/monika.komusanac,crawled_output_en/fhs.hr_staff_monika.komusanac.md,4
https://www.fhs.hr/staff/marijana.bras,crawled_output_en/fhs.hr_staff_marijana.bras.md,4
https://www.fhs.hr/staff/mirjana.milicevic,crawled_output_en/fhs.hr_staff_mirjana.milicevic.md,4
https://www.fhs.hr/staff/marinko.vukovic,crawled_output_en/fhs.hr_staff_marinko.vukovic.md,4
https://www.fhs.hr/staff/martina.micija,crawled_output_en/fhs.hr_staff_martina.micija.md,4
https://www.fhs.hr/staff/monika.balija,crawled_output_en/fhs.hr_staff_monika.balija.md,4
https://www.fhs.hr/staff/marica.marinovic_golubic,crawled_output_en/fhs.hr_staff_marica.marinovic_golubic.md,4
https://www.fhs.hr/staff/mladen.tomorad,crawled_output_en/fhs.hr_staff_mladen.tomorad.md,4
https://www.fhs.hr/staff/matijas.bakovic,crawled_output_en/fhs.hr_staff_matijas.bakovic.md,4
https://www.fhs.hr/staff/marko.kardum,crawled_output_en/fhs.hr_staff_marko.kardum.md,4
https://www.fhs.hr/staff/matija_mato.skerbic,crawled_output_en/fhs.hr_staff_matija_mato.skerbic.md,4
https://www.fhs.hr/staff/marina.peric_kaselj,crawled_output_en/fhs.hr_staff_marina.peric_kaselj.md,4
https://www.fhs.hr/staff/mijo.beljo,crawled_output_en/fhs.hr_staff_mijo.beljo.md,4
https://www.fhs.hr/staff/mario.stipancevic,crawled_output_en/fhs.hr_staff_mario.stipancevic.md,4
https://www.fhs.hr/staff/marta.zorko,crawled_output_en/fhs.hr_staff_marta.zorko.md,4
https://www.fhs.hr/staff/masa.tonkovic_grabovac,crawled_output_en/fhs.hr_staff_masa.tonkovic_grabovac.md,4
https://www.fhs.hr/staff/marko.jerkovic,crawled_output_en/fhs.hr_staff_marko.jerkovic.md,4
https://www.fhs.hr/staff/marjan.nincevic,crawled_output_en/fhs.hr_staff_marjan.nincevic.md,4
https://www.fhs.hr/staff/renata.glavak_tkalic,crawled_output_en/fhs.hr_staff_renata.glavak_tkalic.md,4
https://www.fhs.hr/staff/mario.grcevic,crawled_output_en/fhs.hr_staff_mario.grcevic.md,4
https://www.fhs.hr/staff/nenad.pokos,crawled_output_en/fhs.hr_staff_nenad.pokos.md,4
https://www.fhs.hr/staff/mirko.lukas,crawled_output_en/fhs.hr_staff_mirko.lukas.md,4
https://www.fhs.hr/staff/petra.palic,crawled_output_en/fhs.hr_staff_petra.palic.md,4
https://www.fhs.hr/staff/petrana.brecic,crawled_output_en/fhs.hr_staff_petrana.brecic.md,4
https://www.fhs.hr/staff/nadica.buzina,crawled_output_en/fhs.hr_staff_nadica.buzina.md,4
https://www.fhs.hr/staff/ozana.ramljak,crawled_output_en/fhs.hr_staff_ozana.ramljak.md,4
https://www.fhs.hr/staff/sandro.skansi,crawled_output_en/fhs.hr_staff_sandro.skansi.md,4
https://www.fhs.hr/staff/niksa.dubreta,crawled_output_en/fhs.hr_staff_niksa.dubreta.md,4
https://www.fhs.hr/staff/rona.busljeta_kardum,crawled_output_en/fhs.hr_staff_rona.busljeta_kardum.md,4
https://www.fhs.hr/staff/roko.misetic,crawled_output_en/fhs.hr_staff_roko.misetic.md,4
https://www.fhs.hr/staff/renato.matic,crawled_output_en/fhs.hr_staff_renato.matic.md,4
https://www.fhs.hr/staff/sanja.klempic_bogadi,crawled_output_en/fhs.hr_staff_sanja.klempic_bogadi.md,4
https://www.fhs.hr/staff/sanja.vulic_vrankovic,crawled_output_en/fhs.hr_staff_sanja.vulic_vrankovic.md,4
https://www.fhs.hr/staff/snjezana.gregurovic,crawled_output_en/fhs.hr_staff_snjezana.gregurovic.md,4
https://www.fhs.hr/staff/sime.demo,crawled_output_en/fhs.hr_staff_sime.demo.md,4
https://www.fhs.hr/staff/srecko.gajovic,crawled_output_en/fhs.hr_staff_srecko.gajovic.md,4
https://www.fhs.hr/staff/toni.babarovic,crawled_output_en/fhs.hr_staff_toni.babarovic.md,4
https://www.fhs.hr/staff/tanja.baran,crawled_output_en/fhs.hr_staff_tanja.baran.md,4
https://www.fhs.hr/staff/tado.juric,crawled_output_en/fhs.hr_staff_tado.juric.md,4
https://www.fhs.hr/staff/steven.watson,crawled_output_en/fhs.hr_staff_steven.watson.md,4
https://www.fhs.hr/staff/tomislav.janovic,crawled_output_en/fhs.hr_staff_tomislav.janovic.md,4
https://www.fhs.hr/staff/tomislav.galovic,crawled_output_en/fhs.hr_staff_tomislav.galovic.md,4
https://www.fhs.hr/staff/vanja.kopilas,crawled_output_en/fhs.hr_staff_vanja.kopilas.md,4
https://www.fhs.hr/staff/vanja-ivan.savic,crawled_output_en/fhs.hr_staff_vanja-ivan.savic.md,4
https://www.fhs.hr/staff/tamara.jurkic-sviben,crawled_output_en/fhs.hr_staff_tamara.jurkic-sviben.md,4
https://www.fhs.hr/staff/viktoria.franic_tomic,crawled_output_en/fhs.hr_staff_viktoria.franic_tomic.md,4
https://www.fhs.hr/staff/vlatka.vukelic,crawled_output_en/fhs.hr_staff_vlatka.vukelic.md,4
https://www.fhs.hr/staff/vanda.babic_galic,crawled_output_en/fhs.hr_staff_vanda.babic_galic.md,4
https://www.fhs.hr/staff/tanja.grmusa,crawled_output_en/fhs.hr_staff_tanja.grmusa.md,4
https://www.fhs.hr/staff/zdeslav.milas,crawled_output_en/fhs.hr_staff_zdeslav.milas.md,4
https://www.fhs.hr/staff/vanesa.varga,crawled_output_en/fhs.hr_staff_vanesa.varga.md,4
https://www.fhs.hr/staff/vlatko.smiljanic,crawled_output_en/fhs.hr_staff_vlatko.smiljanic.md,4
https://www.fhs.hr/staff/zdravko.matic,crawled_output_en/fhs.hr_staff_zdravko.matic.md,4
https://www.fhs.hr/staff/vladimira.rezo,crawled_output_en/fhs.hr_staff_vladimira.rezo.md,4
https://www.fhs.hr/staff/vladimir.sumanovic,crawled_output_en/fhs.hr_staff_vladimir.sumanovic.md,4
https://www.fhs.hr/staff/wollfy.krasic,crawled_output_en/fhs.hr_staff_wollfy.krasic.md,4
https://www.fhs.hr/staff/zrinka.greblo_jurakic,crawled_output_en/fhs.hr_staff_zrinka.greblo_jurakic.md,4
https://www.fhs.hr/staff/zvonimir.culjak,crawled_output_en/fhs.hr_staff_zvonimir.culjak.md,4
https://www.fhs.hr/staff/zoran.komar,crawled_output_en/fhs.hr_staff_zoran.komar.md,4
https://www.fhs.hr/staff/zdravko.petanjek,crawled_output_en/fhs.hr_staff_zdravko.petanjek.md,4
https://www.fhs.hr/staff/zlatko.vidackovic,crawled_output_en/fhs.hr_staff_zlatko.vidackovic.md,4
https://www.fhs.hr/staff/zeljka.metesi_deronjic,crawled_output_en/fhs.hr_staff_zeljka.metesi_deronjic.md,4
https://www.fhs.hr/staff/zygfryd_eckardt.gehrmann,crawled_output_en/fhs.hr_staff_zygfryd_eckardt.gehrmann.md,4
https://www.fhs.hr/en/course/aes_a,crawled_output_en/fhs.hr_en_course_aes_a.md,5
https://www.fhs.hr/en/course/schped_b,crawled_output_en/fhs.hr_en_course_schped_b.md,5
https://www.fhs.hr/en/course/palp_b,crawled_output_en/fhs.hr_en_course_palp_b.md,5
https://www.fhs.hr/en/course/croide,crawled_output_en/fhs.hr_en_course_croide.md,5
https://www.fhs.hr/en/course/her,crawled_output_en/fhs.hr_en_course_her.md,5
https://www.fhs.hr/en/course/ctc,crawled_output_en/fhs.hr_en_course_ctc.md,5
https://www.fhs.hr/en/course/chsawh,crawled_output_en/fhs.hr_en_course_chsawh.md,5
https://www.fhs.hr/en/course/ccitaohrab,crawled_output_en/fhs.hr_en_course_ccitaohrab.md,5
https://www.fhs.hr/en/course/msm_b,crawled_output_en/fhs.hr_en_course_msm_b.md,5
https://www.fhs.hr/en/course/epi_b,crawled_output_en/fhs.hr_en_course_epi_b.md,5
https://www.fhs.hr/en/course/cafl1,crawled_output_en/fhs.hr_en_course_cafl1.md,5
https://www.fhs.hr/en/course/ooml,crawled_output_en/fhs.hr_en_course_ooml.md,5
https://www.fhs.hr/en/course/hiacm,crawled_output_en/fhs.hr_en_course_hiacm.md,5
https://www.fhs.hr/en/course/rwg2lsamomch,crawled_output_en/fhs.hr_en_course_rwg2lsamomch.md,5
https://www.fhs.hr/en/course/grasem,crawled_output_en/fhs.hr_en_course_grasem.md,5
https://www.fhs.hr/en/course/daiocittocit2c,crawled_output_en/fhs.hr_en_course_daiocittocit2c.md,5
https://www.fhs.hr/en/course/rwg1lsochaauoasftsochit1c,crawled_output_en/fhs.hr_en_course_rwg1lsochaauoasftsochit1c.md,5
https://www.fhs.hr/en/course/plg_a,crawled_output_en/fhs.hr_en_course_plg_a.md,5
https://www.fhs.hr/en/course/hoc,crawled_output_en/fhs.hr_en_course_hoc.md,5
https://www.fhs.hr/en/course/cafl2,crawled_output_en/fhs.hr_en_course_cafl2.md,5
https://www.fhs.hr/en/course/genped,crawled_output_en/fhs.hr_en_course_genped.md,5
https://www.fhs.hr/staff/linkedin.com/in/ivana-greguric-90bba0b3,crawled_output_en/fhs.hr_staff_linkedin.com_in_ivana-greguric-90bba0b3.md,5
https://www.fhs.hr/en/course/toh,crawled_output_en/fhs.hr_en_course_toh.md,5
https://www.fhs.hr/en/course/sfthoce,crawled_output_en/fhs.hr_en_course_sfthoce.md,5
